ขือสินค้า,Column 1,Column 2,Column 3
filler elasty,295000kip,facial filler ສານເຕັມໃບໜ້າ,https://drive.google.com/thumbnail?id=1mVB8c1Imc18FMObwtCkWmnJRkXVp_pm_&sz=w1000
filer neuranis,295000kip,facial filler ສານເຕັມໃບໜ້າ,https://drive.google.com/thumbnail?id=1m8cjovxKb-RIEZ-bkRTSddRUYGeGvNb1&sz=w1000
onetox,330000kip,relaxs musle contractions,https://drive.google.com/thumbnail?id=1m7qYdT64biINpbaCLP7xySascp0Vd2dO&sz=w1000
slim queen,850000kip,fat dissolving ສານສະຫລາຍໄຂມັນ,https://drive.google.com/thumbnail?id=1sy_ngwiVOk3XTBoqbkcmkicnZLUCaG3k&sz=w1000
line s up,700000kip,fat dissolving ສານສະຫລາຍໄຂມັນ,https://drive.google.com/thumbnail?id=12HqrCxMe40U6IHE1ueCH5EwmOv1VU_lZ&sz=w1000
rejuran,2900000kip,brigtens the skin ຊ້ວຍໃຫ້ຜີວກະຈາງໃສ,https://drive.google.com/thumbnail?id=1tV_J_CPIAdgJxoHnOXoQFKZJvOc8iFIO&sz=w1000
filoga,850000kip,fat dissolving ສານສະຫລາຍໄຂມັນ,https://drive.google.com/thumbnail?id=1peK3D27fZUHhJQCdN3571dF1fCPY1NXe&sz=w1000
botulax,590000kip,relaxs musle contractions,https://drive.google.com/thumbnail?id=1T-5-6eAK2CxgADPCky-sNILuOXBQzpHi&sz=w1000
wellstox,410000kip,relaxs musle contractions,https://drive.google.com/thumbnail?id=1en3hPRYWrnQcGDAoIPKMZMB5sbCTQKUZ&sz=w1000
needleເຂັມທູ25,290000kip,Helps inject filler safely in high-risk areas. ປອງກັນຟິວເລີເຂົ້າເສັ້ນເລືອດ,https://drive.google.com/thumbnail?id=1vR1-QFkq-S_PUCntRgq0hsBNJPNhz7ET&sz=w1000
needleເຂັມທູ23,290000kip,Helps inject filler safely in high-risk areas.ປອງກັນຟິວເລີເຂົ້າເສັ້ນເລືອດ,https://drive.google.com/thumbnail?id=1CLHAGotlKPZM3wTYuTHaVFmq9xUOEPx2&sz=w1000
gtm mellacel,1750000kip,brigtens the skin ຊ້ວຍໃຫ້ຜີວກະຈາງໃສ,https://drive.google.com/thumbnail?id=1Zp8mIkHvep8GpImpn046GjwGCOn5-1s-&sz=w1000
gtm goldcel,1750000kip,brigtens the skin ຊ້ວຍໃຫ້ຜີວກະຈາງໃສ,https://drive.google.com/thumbnail?id=1k-7QCoiqv1pjGaAQXcFX3d4NUHyX6mjD&sz=w1000
aqua meso,1850000kip,brigtens the skin ຊ້ວຍໃຫ້ຜີວກະຈາງໃສ,https://drive.google.com/thumbnail?id=1TK0pGQNs6UlnMliMlxaQ16aM0GSorMX1&sz=w1000
ເຂັມg32,320000kip,Makes needle insertion easier.ຊ້ວຍໃຫ້ສິດງ່າຍ,https://drive.google.com/thumbnail?id=1o7Y8IRAndmgWVcxFkpX-5P0ma9hbfiqs&sz=w1000
ເຂັມg30,320000kip,Makes needle insertion easier.ຊ້ວຍໃຫ້ສິດງ່າຍ,https://drive.google.com/thumbnail?id=1-kBIYp5XXBEzio_-E-pBa2a7PuUsSULe&sz=w1000
mounjaro5mg,1990000kip,It is a hormone that helps control appetite and promote weight loss.,https://drive.google.com/thumbnail?id=1zHhztiMhx4GkRrhzt_FS81f7NXmgQbZU&sz=w1000
mounjaro7.5mg,2990000kip,It is a hormone that helps control appetite and promote weight loss.,https://drive.google.com/thumbnail?id=14jdElME0WWpWiBMwvuQ5zHH75tA_uD7F&sz=w1000
mounjaro10mg,3990000kip,It is a hormone that helps control appetite and promote weight loss.,mounjaro-injections_1773043851798_rv2n7f.webp
mounjaro 2.5MG,1600000kip,It is a hormone that helps control appetite and promote weight loss.,https://drive.google.com/thumbnail?id=1sB7rl2XCRISuz5QQTymGRorxuBcH3Fca&sz=w1000
filler etpq,4950000kip,facial filler ສານເຕັີມເຕັມໃບໜ້າ,https://drive.google.com/thumbnail?id=18tq5cJqf4JHW6aZ4_QnN4PCwS18R7ntz&sz=w1000
asce EXOSOME,3900000kip,brigtens the skin ຊ້ວຍໃຫ້ຜີວກະຈາງໃສ,https://drive.google.com/thumbnail?id=1pE4X3bAlVUtyfAuMGgglZz0B69eUI2FM&sz=w1000
scluptra,1800000kip,Stimulates collagen production ກະຕຸນສ້າງຄໍລາເຈັນ,https://drive.google.com/thumbnail?id=1zzYaN56uI72aK0n35NL-_V8BLub9GSJF&sz=w1000
karisma tem,2850000kip,Stimulates collagen production. ກະຕຸນສ້າງຄໍລາເຈັນ,https://drive.google.com/thumbnail?id=1PbD_z9wJmqAggk9OWeVLv9ttPDEdRqJU&sz=w1000
ROYAI VOLUM,550000kip,Stimulates collagen production. ກະຕຸນສ້າງຄໍລາເຈັນ,https://drive.google.com/thumbnail?id=1YhiXY45_6Og1qeulca3OMA9qjfUS6D7J&sz=w1000
wondertox100ui,290000kip,relaxs musle contractions,https://drive.google.com/thumbnail?id=1XDE4ya7HT387NnWjTSrRX13NoGjWlPDR&sz=w1000
filler volonic,1100000kip,facial filler ສານເຕັມໃບໜ້າ,https://drive.google.com/thumbnail?id=1F49vwdQB8vGJEk-nhYq4QVqhzhPuAW0k&sz=w1000
jcaincraim29.9,210000kip,Reduces pain before injection procedures.ຊ້ວຍໃຫ້ຜີວຊາ,https://drive.google.com/thumbnail?id=1LOAlkzFwWPoN4htLrF-14Tp160P3X7Uu&sz=w1000
ucog,1.850.000kip,Thread lift ໄໝຍົກກະຊັບ,https://drive.google.com/thumbnail?id=1B0YP1YEuHw9DYyYOzwcLJwp_T2lkkF7k&sz=w1000
ireborn,1750000kip,Collagen-stimulating threads ໄໝເຕັມກະຕຸນສ້າງຄໍລາເຈັນ,https://drive.google.com/thumbnail?id=1uNPlOTWde7M6oXWaC9DTdB5WuiKFnxih&sz=w1000
newmisko,1150000kip,Collagen-stimulating threads ໄໝເຕັມກະຕຸນສ້າງຄໍລາເຈັນ,https://drive.google.com/thumbnail?id=1SLXN2yhg9kcsTSRlMmKBoQihgUawEm9j&sz=w1000
wmmisko,1650000kil,Collagen-stimulating threads ໄໝເຕັມກະຕຸນສ້າງຄໍລາເຈັນ,https://drive.google.com/thumbnail?id=1q1U9ObaMf9C0duALJflHOHg1plbQatdw&sz=w1000
doeten,1990000kip,Thread lift ໄໝຍົກກະຊັບ,https://drive.google.com/thumbnail?id=1JtzRYl9AO_hYasx4oF1FhpZUqMbNbS7q&sz=w1000
HIKO,850000kip,Collagen-stimulating threads ໄໝເຕັມກະຕຸນສ້າງຄໍລາເຈັນ,https://drive.google.com/thumbnail?id=1ZW0SNZDT6UdZWm0OkMxTCyn2KuRmDDFJ&sz=w1000
cog,3270000kip,Collagen-stimulating threads ໄໝເຕັມກະຕຸນສ້າງຄໍລາເຈັນ,https://drive.google.com/thumbnail?id=1N13ZDAWmRcYq4llbyOrbRjL43oTXfs6r&sz=w1000
molding cog,2200000kip,Thread lift ໄໝຍົກກະຊັບ,https://drive.google.com/thumbnail?id=1hKj4tdEsL7f1dGWRzDbO26lVQwuL9KEq&sz=w1000
double cog,3270000kip,Thread lift ໄໝຍົກກະຊັບ,https://drive.google.com/thumbnail?id=1BL_CKL7XNDp0mstv0rdh_SELyvai5b3X&sz=w1000
volume,1850000kip,Collagen-stimulating threads ໄໝເຕັມກະຕຸນສ້າງຄໍລາເຈັນ,https://drive.google.com/thumbnail?id=1Wbzl8kYMmT1ykulmJvSJqecRLf7S6gfN&sz=w1000
ifiller,1270000kip,Collagen-stimulating threads ໄໝເຕັມກະຕຸນສ້າງຄໍລາເຈັນ,https://drive.google.com/thumbnail?id=1xAi05Dg5fzpLbNlLB3xy6ee0QJEk_Pub&sz=w1000
nomo,750000kip,Collagen-stimulating threads ໄໝເຕັມກະຕຸນສ້າງຄໍລາເຈັນ,https://drive.google.com/thumbnail?id=1hXZmEfkLMJVi9lz5g9a4dtWgxohh33FR&sz=w1000
screw,870000kip,Collagen-stimulating threads ໄໝເຕັມກະຕຸນສ້າງຄໍລາເຈັນ,https://drive.google.com/thumbnail?id=1gSug_GgNQP2q5L7RWLiqGJH7kdXgCj3P&sz=w1000
line plus,2850000kip,Thread lift ໄໝຍົກກະຊັບ,https://drive.google.com/thumbnail?id=1zSE573Eu6AZJ2zIR3fgxp62U94IGGIQi&sz=w1000
amieyes,550000kip,Reduces dark circles and dullness under the eyes.ລູດຄວາມດຳໃຕ້ຕາ,https://drive.google.com/thumbnail?id=1_LZVbiXW0YA8_44RcIe_XPe1q9RWczYx&sz=w1000
